<?xml version="1.0" encoding="UTF-8"?>
<beans xmlns="http://www.springframework.org/schema/beans"
	xmlns:xsi="http://www.w3.org/2001/XMLSchema-instance" xmlns:security="http://www.springframework.org/schema/security"
	xsi:schemaLocation="http://www.springframework.org/schema/security http://www.springframework.org/schema/security/spring-security-4.1.xsd
		http://www.springframework.org/schema/beans http://www.springframework.org/schema/beans/spring-beans.xsd">
	<!-- <security:http auto-config="true" use-expressions="false"> <security:intercept-url 
		pattern="/**" access="ROLE_USER" /> </security:http> -->

	<security:http use-expressions="false" auto-config="true">

		<security:intercept-url access="ROLE_USER"
			pattern="/appointments/*" />

		<security:intercept-url access="ROLE_FOO"
			pattern="/schedule/*" />

		<security:intercept-url access="ROLE_ANONYMOUS"
			pattern="/**" />

	</security:http>

	<security:authentication-manager>
		<security:authentication-provider>
			<security:user-service>
				<security:user name="user" password="password"
					authorities="ROLE_USER, ROLE_ANONYMOUS" />
			</security:user-service>
		</security:authentication-provider>
	</security:authentication-manager>
</beans>
